timestamp,endpoint,operation,ano_inicio,ano_fim,mes_inicio,mes_fim,tempo_total_segundos,tempo_scraping_segundos,tempo_processamento_segundos,numero_registros,sucesso,erro_descricao,id_consulta,thread_id,Biblioteca
2025-07-08T21:16:39.872370,/consultar,consulta_assincrona_inicio,2004,2023,JANEIRO,DEZEMBRO,0.0017185211181640625,0.0,0.0,0,True,,340c47b7-3e87-4840-bc7c-681f99821878,MainThread,Selenium
2025-07-08T21:17:01.717038,/consultar,consulta_assincrona_ano,2004,2004,JANEIRO,DEZEMBRO,21.812041521072388,21.812041521072388,0.0,84,True,,340c47b7-3e87-4840-bc7c-681f99821878,Thread-21 (_executar_consulta_sequencial),Selenium
2025-07-08T21:17:23.860617,/consultar,consulta_assincrona_ano,2005,2005,JANEIRO,DEZEMBRO,22.139812707901,22.139812707901,0.0,89,True,,340c47b7-3e87-4840-bc7c-681f99821878,Thread-21 (_executar_consulta_sequencial),Selenium
2025-07-08T21:17:46.964871,/consultar,consulta_assincrona_ano,2006,2006,JANEIRO,DEZEMBRO,23.101120948791504,23.101120948791504,0.0,79,True,,340c47b7-3e87-4840-bc7c-681f99821878,Thread-21 (_executar_consulta_sequencial),Selenium
2025-07-08T21:18:08.922812,/consultar,consulta_assincrona_ano,2007,2007,JANEIRO,DEZEMBRO,21.954372882843018,21.954372882843018,0.0,73,True,,340c47b7-3e87-4840-bc7c-681f99821878,Thread-21 (_executar_consulta_sequencial),Selenium
2025-07-08T21:18:31.058165,/consultar,consulta_assincrona_ano,2008,2008,JANEIRO,DEZEMBRO,22.13175892829895,22.13175892829895,0.0,82,True,,340c47b7-3e87-4840-bc7c-681f99821878,Thread-21 (_executar_consulta_sequencial),Selenium
2025-07-08T21:18:52.678193,/consultar,consulta_assincrona_ano,2009,2009,JANEIRO,DEZEMBRO,21.61697554588318,21.61697554588318,0.0,83,True,,340c47b7-3e87-4840-bc7c-681f99821878,Thread-21 (_executar_consulta_sequencial),Selenium
2025-07-08T21:19:13.918575,/consultar,consulta_assincrona_ano,2010,2010,JANEIRO,DEZEMBRO,21.236786127090454,21.236786127090454,0.0,78,True,,340c47b7-3e87-4840-bc7c-681f99821878,Thread-21 (_executar_consulta_sequencial),Selenium
2025-07-08T21:19:34.499321,/consultar,consulta_assincrona_ano,2011,2011,JANEIRO,DEZEMBRO,20.577739238739014,20.577739238739014,0.0,79,True,,340c47b7-3e87-4840-bc7c-681f99821878,Thread-21 (_executar_consulta_sequencial),Selenium
2025-07-08T21:19:55.680086,/consultar,consulta_assincrona_ano,2012,2012,JANEIRO,DEZEMBRO,21.17715334892273,21.17715334892273,0.0,92,True,,340c47b7-3e87-4840-bc7c-681f99821878,Thread-21 (_executar_consulta_sequencial),Selenium
2025-07-08T21:20:17.640291,/consultar,consulta_assincrona_ano,2013,2013,JANEIRO,DEZEMBRO,21.95710825920105,21.95710825920105,0.0,103,True,,340c47b7-3e87-4840-bc7c-681f99821878,Thread-21 (_executar_consulta_sequencial),Selenium
2025-07-08T21:20:40.349433,/consultar,consulta_assincrona_ano,2014,2014,JANEIRO,DEZEMBRO,22.70551371574402,22.70551371574402,0.0,99,True,,340c47b7-3e87-4840-bc7c-681f99821878,Thread-21 (_executar_consulta_sequencial),Selenium
2025-07-08T21:21:01.818064,/consultar,consulta_assincrona_ano,2015,2015,JANEIRO,DEZEMBRO,21.464999675750732,21.464999675750732,0.0,89,True,,340c47b7-3e87-4840-bc7c-681f99821878,Thread-21 (_executar_consulta_sequencial),Selenium
2025-07-08T21:21:24.422334,/consultar,consulta_assincrona_ano,2016,2016,JANEIRO,DEZEMBRO,22.600462198257446,22.600462198257446,0.0,70,True,,340c47b7-3e87-4840-bc7c-681f99821878,Thread-21 (_executar_consulta_sequencial),Selenium
2025-07-08T21:21:46.537629,/consultar,consulta_assincrona_ano,2017,2017,JANEIRO,DEZEMBRO,22.111693620681763,22.111693620681763,0.0,68,True,,340c47b7-3e87-4840-bc7c-681f99821878,Thread-21 (_executar_consulta_sequencial),Selenium
2025-07-08T21:22:09.363500,/consultar,consulta_assincrona_ano,2018,2018,JANEIRO,DEZEMBRO,22.82288956642151,22.82288956642151,0.0,67,True,,340c47b7-3e87-4840-bc7c-681f99821878,Thread-21 (_executar_consulta_sequencial),Selenium
2025-07-08T21:22:29.917345,/consultar,consulta_assincrona_ano,2019,2019,JANEIRO,DEZEMBRO,20.55019760131836,20.55019760131836,0.0,63,True,,340c47b7-3e87-4840-bc7c-681f99821878,Thread-21 (_executar_consulta_sequencial),Selenium
2025-07-08T21:22:53.275114,/consultar,consulta_assincrona_ano,2020,2020,JANEIRO,DEZEMBRO,23.3534038066864,23.3534038066864,0.0,57,True,,340c47b7-3e87-4840-bc7c-681f99821878,Thread-21 (_executar_consulta_sequencial),Selenium
2025-07-08T21:23:14.840282,/consultar,consulta_assincrona_ano,2021,2021,JANEIRO,DEZEMBRO,21.561359405517578,21.561359405517578,0.0,63,True,,340c47b7-3e87-4840-bc7c-681f99821878,Thread-21 (_executar_consulta_sequencial),Selenium
2025-07-08T21:23:37.217798,/consultar,consulta_assincrona_ano,2022,2022,JANEIRO,DEZEMBRO,22.37316870689392,22.37316870689392,0.0,53,True,,340c47b7-3e87-4840-bc7c-681f99821878,Thread-21 (_executar_consulta_sequencial),Selenium
2025-07-08T21:23:57.717357,/consultar,consulta_assincrona_ano,2023,2023,JANEIRO,DEZEMBRO,20.4957594871521,20.4957594871521,0.0,53,True,,340c47b7-3e87-4840-bc7c-681f99821878,Thread-21 (_executar_consulta_sequencial),Selenium
2025-07-08T21:23:57.722390,/consultar,consulta_assincrona_final,2004,2023,JANEIRO,DEZEMBRO,437.81613850593567,437.7443172931671,0.0,1524,True,,340c47b7-3e87-4840-bc7c-681f99821878,Thread-21 (_executar_consulta_sequencial),Selenium
2025-07-08T21:24:11.477737,/consultar,consulta_assincrona_inicio,2004,2023,JANEIRO,DEZEMBRO,0.0013082027435302734,0.0,0.0,0,True,,6e511aff-5f75-439e-9e7b-40a84ae9cd9b,MainThread,Selenium
2025-07-08T21:24:34.233997,/consultar,consulta_assincrona_ano,2004,2004,JANEIRO,DEZEMBRO,22.75193428993225,22.75193428993225,0.0,84,True,,6e511aff-5f75-439e-9e7b-40a84ae9cd9b,Thread-62 (_executar_consulta_sequencial),Selenium
2025-07-08T21:24:57.148640,/consultar,consulta_assincrona_ano,2005,2005,JANEIRO,DEZEMBRO,22.91082525253296,22.91082525253296,0.0,89,True,,6e511aff-5f75-439e-9e7b-40a84ae9cd9b,Thread-62 (_executar_consulta_sequencial),Selenium
2025-07-08T21:25:18.745160,/consultar,consulta_assincrona_ano,2006,2006,JANEIRO,DEZEMBRO,21.59281611442566,21.59281611442566,0.0,79,True,,6e511aff-5f75-439e-9e7b-40a84ae9cd9b,Thread-62 (_executar_consulta_sequencial),Selenium
2025-07-08T21:25:40.415920,/consultar,consulta_assincrona_ano,2007,2007,JANEIRO,DEZEMBRO,21.66710591316223,21.66710591316223,0.0,73,True,,6e511aff-5f75-439e-9e7b-40a84ae9cd9b,Thread-62 (_executar_consulta_sequencial),Selenium
2025-07-08T21:26:02.986930,/consultar,consulta_assincrona_ano,2008,2008,JANEIRO,DEZEMBRO,22.567418575286865,22.567418575286865,0.0,82,True,,6e511aff-5f75-439e-9e7b-40a84ae9cd9b,Thread-62 (_executar_consulta_sequencial),Selenium
2025-07-08T21:26:25.410259,/consultar,consulta_assincrona_ano,2009,2009,JANEIRO,DEZEMBRO,22.41960072517395,22.41960072517395,0.0,83,True,,6e511aff-5f75-439e-9e7b-40a84ae9cd9b,Thread-62 (_executar_consulta_sequencial),Selenium
2025-07-08T21:26:48.557047,/consultar,consulta_assincrona_ano,2010,2010,JANEIRO,DEZEMBRO,23.143160104751587,23.143160104751587,0.0,78,True,,6e511aff-5f75-439e-9e7b-40a84ae9cd9b,Thread-62 (_executar_consulta_sequencial),Selenium
2025-07-08T21:27:11.239054,/consultar,consulta_assincrona_ano,2011,2011,JANEIRO,DEZEMBRO,22.678794384002686,22.678794384002686,0.0,79,True,,6e511aff-5f75-439e-9e7b-40a84ae9cd9b,Thread-62 (_executar_consulta_sequencial),Selenium
2025-07-08T21:27:34.252541,/consultar,consulta_assincrona_ano,2012,2012,JANEIRO,DEZEMBRO,23.01040029525757,23.01040029525757,0.0,92,True,,6e511aff-5f75-439e-9e7b-40a84ae9cd9b,Thread-62 (_executar_consulta_sequencial),Selenium
2025-07-08T21:27:54.921319,/consultar,consulta_assincrona_ano,2013,2013,JANEIRO,DEZEMBRO,20.66503357887268,20.66503357887268,0.0,103,True,,6e511aff-5f75-439e-9e7b-40a84ae9cd9b,Thread-62 (_executar_consulta_sequencial),Selenium
2025-07-08T21:28:17.418088,/consultar,consulta_assincrona_ano,2014,2014,JANEIRO,DEZEMBRO,22.493701934814453,22.493701934814453,0.0,99,True,,6e511aff-5f75-439e-9e7b-40a84ae9cd9b,Thread-62 (_executar_consulta_sequencial),Selenium
2025-07-08T21:28:38.275063,/consultar,consulta_assincrona_ano,2015,2015,JANEIRO,DEZEMBRO,20.853335857391357,20.853335857391357,0.0,89,True,,6e511aff-5f75-439e-9e7b-40a84ae9cd9b,Thread-62 (_executar_consulta_sequencial),Selenium
2025-07-08T21:28:59.661224,/consultar,consulta_assincrona_ano,2016,2016,JANEIRO,DEZEMBRO,21.382458925247192,21.382458925247192,0.0,70,True,,6e511aff-5f75-439e-9e7b-40a84ae9cd9b,Thread-62 (_executar_consulta_sequencial),Selenium
2025-07-08T21:29:22.200477,/consultar,consulta_assincrona_ano,2017,2017,JANEIRO,DEZEMBRO,22.535783529281616,22.535783529281616,0.0,68,True,,6e511aff-5f75-439e-9e7b-40a84ae9cd9b,Thread-62 (_executar_consulta_sequencial),Selenium
2025-07-08T21:29:43.545908,/consultar,consulta_assincrona_ano,2018,2018,JANEIRO,DEZEMBRO,21.34171986579895,21.34171986579895,0.0,67,True,,6e511aff-5f75-439e-9e7b-40a84ae9cd9b,Thread-62 (_executar_consulta_sequencial),Selenium
2025-07-08T21:30:06.084701,/consultar,consulta_assincrona_ano,2019,2019,JANEIRO,DEZEMBRO,22.535183906555176,22.535183906555176,0.0,63,True,,6e511aff-5f75-439e-9e7b-40a84ae9cd9b,Thread-62 (_executar_consulta_sequencial),Selenium
2025-07-08T21:30:26.498879,/consultar,consulta_assincrona_ano,2020,2020,JANEIRO,DEZEMBRO,20.411088943481445,20.411088943481445,0.0,57,True,,6e511aff-5f75-439e-9e7b-40a84ae9cd9b,Thread-62 (_executar_consulta_sequencial),Selenium
2025-07-08T21:30:47.509367,/consultar,consulta_assincrona_ano,2021,2021,JANEIRO,DEZEMBRO,21.006876707077026,21.006876707077026,0.0,63,True,,6e511aff-5f75-439e-9e7b-40a84ae9cd9b,Thread-62 (_executar_consulta_sequencial),Selenium
2025-07-08T21:31:07.814156,/consultar,consulta_assincrona_ano,2022,2022,JANEIRO,DEZEMBRO,20.301732778549194,20.301732778549194,0.0,53,True,,6e511aff-5f75-439e-9e7b-40a84ae9cd9b,Thread-62 (_executar_consulta_sequencial),Selenium
2025-07-08T21:31:28.292138,/consultar,consulta_assincrona_ano,2023,2023,JANEIRO,DEZEMBRO,20.473716974258423,20.473716974258423,0.0,53,True,,6e511aff-5f75-439e-9e7b-40a84ae9cd9b,Thread-62 (_executar_consulta_sequencial),Selenium
2025-07-08T21:31:28.297008,/consultar,consulta_assincrona_final,2004,2023,JANEIRO,DEZEMBRO,436.8130488395691,436.74268865585327,0.0,1524,True,,6e511aff-5f75-439e-9e7b-40a84ae9cd9b,Thread-62 (_executar_consulta_sequencial),Selenium
2025-07-08T21:31:42.905797,/consultar,consulta_assincrona_inicio,2004,2023,JANEIRO,DEZEMBRO,0.0012383460998535156,0.0,0.0,0,True,,729ce4f5-b3c7-4bc0-b239-0b776cd79d67,MainThread,Selenium
2025-07-08T21:32:06.428558,/consultar,consulta_assincrona_ano,2004,2004,JANEIRO,DEZEMBRO,23.518507957458496,23.518507957458496,0.0,84,True,,729ce4f5-b3c7-4bc0-b239-0b776cd79d67,Thread-103 (_executar_consulta_sequencial),Selenium
2025-07-08T21:32:27.606439,/consultar,consulta_assincrona_ano,2005,2005,JANEIRO,DEZEMBRO,21.174867391586304,21.174867391586304,0.0,89,True,,729ce4f5-b3c7-4bc0-b239-0b776cd79d67,Thread-103 (_executar_consulta_sequencial),Selenium
2025-07-08T21:32:50.390959,/consultar,consulta_assincrona_ano,2006,2006,JANEIRO,DEZEMBRO,22.781510829925537,22.781510829925537,0.0,79,True,,729ce4f5-b3c7-4bc0-b239-0b776cd79d67,Thread-103 (_executar_consulta_sequencial),Selenium
2025-07-08T21:33:11.340300,/consultar,consulta_assincrona_ano,2007,2007,JANEIRO,DEZEMBRO,20.94639563560486,20.94639563560486,0.0,73,True,,729ce4f5-b3c7-4bc0-b239-0b776cd79d67,Thread-103 (_executar_consulta_sequencial),Selenium
2025-07-08T21:33:33.377697,/consultar,consulta_assincrona_ano,2008,2008,JANEIRO,DEZEMBRO,22.03380060195923,22.03380060195923,0.0,82,True,,729ce4f5-b3c7-4bc0-b239-0b776cd79d67,Thread-103 (_executar_consulta_sequencial),Selenium
2025-07-08T21:33:58.117343,/consultar,consulta_assincrona_ano,2009,2009,JANEIRO,DEZEMBRO,24.7359676361084,24.7359676361084,0.0,83,True,,729ce4f5-b3c7-4bc0-b239-0b776cd79d67,Thread-103 (_executar_consulta_sequencial),Selenium
2025-07-08T21:34:18.942313,/consultar,consulta_assincrona_ano,2010,2010,JANEIRO,DEZEMBRO,20.82133674621582,20.82133674621582,0.0,78,True,,729ce4f5-b3c7-4bc0-b239-0b776cd79d67,Thread-103 (_executar_consulta_sequencial),Selenium
2025-07-08T21:34:41.700573,/consultar,consulta_assincrona_ano,2011,2011,JANEIRO,DEZEMBRO,22.755226612091064,22.755226612091064,0.0,79,True,,729ce4f5-b3c7-4bc0-b239-0b776cd79d67,Thread-103 (_executar_consulta_sequencial),Selenium
2025-07-08T21:35:02.339601,/consultar,consulta_assincrona_ano,2012,2012,JANEIRO,DEZEMBRO,20.635428428649902,20.635428428649902,0.0,92,True,,729ce4f5-b3c7-4bc0-b239-0b776cd79d67,Thread-103 (_executar_consulta_sequencial),Selenium
2025-07-08T21:35:22.915035,/consultar,consulta_assincrona_ano,2013,2013,JANEIRO,DEZEMBRO,20.57241702079773,20.57241702079773,0.0,103,True,,729ce4f5-b3c7-4bc0-b239-0b776cd79d67,Thread-103 (_executar_consulta_sequencial),Selenium
2025-07-08T21:35:46.623939,/consultar,consulta_assincrona_ano,2014,2014,JANEIRO,DEZEMBRO,23.70533299446106,23.70533299446106,0.0,99,True,,729ce4f5-b3c7-4bc0-b239-0b776cd79d67,Thread-103 (_executar_consulta_sequencial),Selenium
2025-07-08T21:36:07.255159,/consultar,consulta_assincrona_ano,2015,2015,JANEIRO,DEZEMBRO,20.62745714187622,20.62745714187622,0.0,89,True,,729ce4f5-b3c7-4bc0-b239-0b776cd79d67,Thread-103 (_executar_consulta_sequencial),Selenium
2025-07-08T21:36:27.724107,/consultar,consulta_assincrona_ano,2016,2016,JANEIRO,DEZEMBRO,20.46533513069153,20.46533513069153,0.0,70,True,,729ce4f5-b3c7-4bc0-b239-0b776cd79d67,Thread-103 (_executar_consulta_sequencial),Selenium
2025-07-08T21:36:49.074784,/consultar,consulta_assincrona_ano,2017,2017,JANEIRO,DEZEMBRO,21.347100257873535,21.347100257873535,0.0,68,True,,729ce4f5-b3c7-4bc0-b239-0b776cd79d67,Thread-103 (_executar_consulta_sequencial),Selenium
2025-07-08T21:37:10.382147,/consultar,consulta_assincrona_ano,2018,2018,JANEIRO,DEZEMBRO,21.30376410484314,21.30376410484314,0.0,67,True,,729ce4f5-b3c7-4bc0-b239-0b776cd79d67,Thread-103 (_executar_consulta_sequencial),Selenium
2025-07-08T21:37:31.999002,/consultar,consulta_assincrona_ano,2019,2019,JANEIRO,DEZEMBRO,21.613228797912598,21.613228797912598,0.0,63,True,,729ce4f5-b3c7-4bc0-b239-0b776cd79d67,Thread-103 (_executar_consulta_sequencial),Selenium
2025-07-08T21:37:52.484904,/consultar,consulta_assincrona_ano,2020,2020,JANEIRO,DEZEMBRO,20.482190370559692,20.482190370559692,0.0,57,True,,729ce4f5-b3c7-4bc0-b239-0b776cd79d67,Thread-103 (_executar_consulta_sequencial),Selenium
2025-07-08T21:38:13.785102,/consultar,consulta_assincrona_ano,2021,2021,JANEIRO,DEZEMBRO,21.296561002731323,21.296561002731323,0.0,63,True,,729ce4f5-b3c7-4bc0-b239-0b776cd79d67,Thread-103 (_executar_consulta_sequencial),Selenium
2025-07-08T21:38:35.062411,/consultar,consulta_assincrona_ano,2022,2022,JANEIRO,DEZEMBRO,21.272881507873535,21.272881507873535,0.0,53,True,,729ce4f5-b3c7-4bc0-b239-0b776cd79d67,Thread-103 (_executar_consulta_sequencial),Selenium
2025-07-08T21:38:58.264747,/consultar,consulta_assincrona_ano,2023,2023,JANEIRO,DEZEMBRO,23.198047637939453,23.198047637939453,0.0,53,True,,729ce4f5-b3c7-4bc0-b239-0b776cd79d67,Thread-103 (_executar_consulta_sequencial),Selenium
2025-07-08T21:38:58.269918,/consultar,consulta_assincrona_final,2004,2023,JANEIRO,DEZEMBRO,435.3587498664856,435.2873578071594,0.0,1524,True,,729ce4f5-b3c7-4bc0-b239-0b776cd79d67,Thread-103 (_executar_consulta_sequencial),Selenium
2025-07-08T21:39:14.440642,/consultar,consulta_assincrona_inicio,2004,2023,JANEIRO,DEZEMBRO,0.001825571060180664,0.0,0.0,0,True,,eec7444b-e69b-4edd-a6da-7d8479673eea,MainThread,Selenium
2025-07-08T21:39:36.845128,/consultar,consulta_assincrona_ano,2004,2004,JANEIRO,DEZEMBRO,22.40150237083435,22.40150237083435,0.0,84,True,,eec7444b-e69b-4edd-a6da-7d8479673eea,Thread-144 (_executar_consulta_sequencial),Selenium
2025-07-08T21:39:59.099964,/consultar,consulta_assincrona_ano,2005,2005,JANEIRO,DEZEMBRO,22.251713514328003,22.251713514328003,0.0,89,True,,eec7444b-e69b-4edd-a6da-7d8479673eea,Thread-144 (_executar_consulta_sequencial),Selenium
2025-07-08T21:40:21.882482,/consultar,consulta_assincrona_ano,2006,2006,JANEIRO,DEZEMBRO,22.778250694274902,22.778250694274902,0.0,79,True,,eec7444b-e69b-4edd-a6da-7d8479673eea,Thread-144 (_executar_consulta_sequencial),Selenium
2025-07-08T21:40:44.929405,/consultar,consulta_assincrona_ano,2007,2007,JANEIRO,DEZEMBRO,23.043893337249756,23.043893337249756,0.0,73,True,,eec7444b-e69b-4edd-a6da-7d8479673eea,Thread-144 (_executar_consulta_sequencial),Selenium
2025-07-08T21:41:06.332213,/consultar,consulta_assincrona_ano,2008,2008,JANEIRO,DEZEMBRO,21.39923357963562,21.39923357963562,0.0,82,True,,eec7444b-e69b-4edd-a6da-7d8479673eea,Thread-144 (_executar_consulta_sequencial),Selenium
2025-07-08T21:41:29.538467,/consultar,consulta_assincrona_ano,2009,2009,JANEIRO,DEZEMBRO,23.203213691711426,23.203213691711426,0.0,83,True,,eec7444b-e69b-4edd-a6da-7d8479673eea,Thread-144 (_executar_consulta_sequencial),Selenium
2025-07-08T21:41:52.206236,/consultar,consulta_assincrona_ano,2010,2010,JANEIRO,DEZEMBRO,22.664780378341675,22.664780378341675,0.0,78,True,,eec7444b-e69b-4edd-a6da-7d8479673eea,Thread-144 (_executar_consulta_sequencial),Selenium
2025-07-08T21:42:18.750449,/consultar,consulta_assincrona_ano,2011,2011,JANEIRO,DEZEMBRO,26.540621280670166,26.540621280670166,0.0,79,True,,eec7444b-e69b-4edd-a6da-7d8479673eea,Thread-144 (_executar_consulta_sequencial),Selenium
2025-07-08T21:42:40.454088,/consultar,consulta_assincrona_ano,2012,2012,JANEIRO,DEZEMBRO,21.69992971420288,21.69992971420288,0.0,92,True,,eec7444b-e69b-4edd-a6da-7d8479673eea,Thread-144 (_executar_consulta_sequencial),Selenium
2025-07-08T21:43:02.162647,/consultar,consulta_assincrona_ano,2013,2013,JANEIRO,DEZEMBRO,21.705556869506836,21.705556869506836,0.0,103,True,,eec7444b-e69b-4edd-a6da-7d8479673eea,Thread-144 (_executar_consulta_sequencial),Selenium
2025-07-08T21:43:25.850071,/consultar,consulta_assincrona_ano,2014,2014,JANEIRO,DEZEMBRO,23.68441081047058,23.68441081047058,0.0,99,True,,eec7444b-e69b-4edd-a6da-7d8479673eea,Thread-144 (_executar_consulta_sequencial),Selenium
2025-07-08T21:43:48.447866,/consultar,consulta_assincrona_ano,2015,2015,JANEIRO,DEZEMBRO,22.594664335250854,22.594664335250854,0.0,89,True,,eec7444b-e69b-4edd-a6da-7d8479673eea,Thread-144 (_executar_consulta_sequencial),Selenium
2025-07-08T21:44:10.262556,/consultar,consulta_assincrona_ano,2016,2016,JANEIRO,DEZEMBRO,21.811739206314087,21.811739206314087,0.0,70,True,,eec7444b-e69b-4edd-a6da-7d8479673eea,Thread-144 (_executar_consulta_sequencial),Selenium
2025-07-08T21:44:32.347350,/consultar,consulta_assincrona_ano,2017,2017,JANEIRO,DEZEMBRO,22.081828832626343,22.081828832626343,0.0,68,True,,eec7444b-e69b-4edd-a6da-7d8479673eea,Thread-144 (_executar_consulta_sequencial),Selenium
2025-07-08T21:44:54.665931,/consultar,consulta_assincrona_ano,2018,2018,JANEIRO,DEZEMBRO,22.314944982528687,22.314944982528687,0.0,67,True,,eec7444b-e69b-4edd-a6da-7d8479673eea,Thread-144 (_executar_consulta_sequencial),Selenium
2025-07-08T21:45:16.335052,/consultar,consulta_assincrona_ano,2019,2019,JANEIRO,DEZEMBRO,21.664754152297974,21.664754152297974,0.0,63,True,,eec7444b-e69b-4edd-a6da-7d8479673eea,Thread-144 (_executar_consulta_sequencial),Selenium
2025-07-08T21:45:37.636916,/consultar,consulta_assincrona_ano,2020,2020,JANEIRO,DEZEMBRO,21.297476768493652,21.297476768493652,0.0,57,True,,eec7444b-e69b-4edd-a6da-7d8479673eea,Thread-144 (_executar_consulta_sequencial),Selenium
2025-07-08T21:46:00.024280,/consultar,consulta_assincrona_ano,2021,2021,JANEIRO,DEZEMBRO,22.38374137878418,22.38374137878418,0.0,63,True,,eec7444b-e69b-4edd-a6da-7d8479673eea,Thread-144 (_executar_consulta_sequencial),Selenium
2025-07-08T21:46:20.552455,/consultar,consulta_assincrona_ano,2022,2022,JANEIRO,DEZEMBRO,20.52381134033203,20.52381134033203,0.0,53,True,,eec7444b-e69b-4edd-a6da-7d8479673eea,Thread-144 (_executar_consulta_sequencial),Selenium
2025-07-08T21:46:41.234242,/consultar,consulta_assincrona_ano,2023,2023,JANEIRO,DEZEMBRO,20.67816710472107,20.67816710472107,0.0,53,True,,eec7444b-e69b-4edd-a6da-7d8479673eea,Thread-144 (_executar_consulta_sequencial),Selenium
2025-07-08T21:46:41.239035,/consultar,consulta_assincrona_final,2004,2023,JANEIRO,DEZEMBRO,446.7941927909851,446.7242343425751,0.0,1524,True,,eec7444b-e69b-4edd-a6da-7d8479673eea,Thread-144 (_executar_consulta_sequencial),Selenium
2025-07-08T21:46:45.874298,/consultar,consulta_assincrona_inicio,2004,2023,JANEIRO,DEZEMBRO,0.0018846988677978516,0.0,0.0,0,True,,ce25fb23-11d1-4169-a13a-4ad2908e70b0,MainThread,Selenium
2025-07-08T21:47:07.558628,/consultar,consulta_assincrona_ano,2004,2004,JANEIRO,DEZEMBRO,21.679970026016235,21.679970026016235,0.0,84,True,,ce25fb23-11d1-4169-a13a-4ad2908e70b0,Thread-185 (_executar_consulta_sequencial),Selenium
2025-07-08T21:47:28.185027,/consultar,consulta_assincrona_ano,2005,2005,JANEIRO,DEZEMBRO,20.62269163131714,20.62269163131714,0.0,89,True,,ce25fb23-11d1-4169-a13a-4ad2908e70b0,Thread-185 (_executar_consulta_sequencial),Selenium
2025-07-08T21:47:50.613240,/consultar,consulta_assincrona_ano,2006,2006,JANEIRO,DEZEMBRO,22.423664331436157,22.423664331436157,0.0,79,True,,ce25fb23-11d1-4169-a13a-4ad2908e70b0,Thread-185 (_executar_consulta_sequencial),Selenium
2025-07-08T21:48:13.672727,/consultar,consulta_assincrona_ano,2007,2007,JANEIRO,DEZEMBRO,23.05652952194214,23.05652952194214,0.0,73,True,,ce25fb23-11d1-4169-a13a-4ad2908e70b0,Thread-185 (_executar_consulta_sequencial),Selenium
2025-07-08T21:48:34.982262,/consultar,consulta_assincrona_ano,2008,2008,JANEIRO,DEZEMBRO,21.305635690689087,21.305635690689087,0.0,82,True,,ce25fb23-11d1-4169-a13a-4ad2908e70b0,Thread-185 (_executar_consulta_sequencial),Selenium
2025-07-08T21:48:58.033764,/consultar,consulta_assincrona_ano,2009,2009,JANEIRO,DEZEMBRO,23.048561334609985,23.048561334609985,0.0,83,True,,ce25fb23-11d1-4169-a13a-4ad2908e70b0,Thread-185 (_executar_consulta_sequencial),Selenium
2025-07-08T21:49:19.975637,/consultar,consulta_assincrona_ano,2010,2010,JANEIRO,DEZEMBRO,21.93828558921814,21.93828558921814,0.0,78,True,,ce25fb23-11d1-4169-a13a-4ad2908e70b0,Thread-185 (_executar_consulta_sequencial),Selenium
2025-07-08T21:49:43.255697,/consultar,consulta_assincrona_ano,2011,2011,JANEIRO,DEZEMBRO,23.2770357131958,23.2770357131958,0.0,79,True,,ce25fb23-11d1-4169-a13a-4ad2908e70b0,Thread-185 (_executar_consulta_sequencial),Selenium
2025-07-08T21:50:04.554730,/consultar,consulta_assincrona_ano,2012,2012,JANEIRO,DEZEMBRO,21.29543423652649,21.29543423652649,0.0,92,True,,ce25fb23-11d1-4169-a13a-4ad2908e70b0,Thread-185 (_executar_consulta_sequencial),Selenium
2025-07-08T21:50:27.114824,/consultar,consulta_assincrona_ano,2013,2013,JANEIRO,DEZEMBRO,22.556515216827393,22.556515216827393,0.0,103,True,,ce25fb23-11d1-4169-a13a-4ad2908e70b0,Thread-185 (_executar_consulta_sequencial),Selenium
2025-07-08T21:50:50.089381,/consultar,consulta_assincrona_ano,2014,2014,JANEIRO,DEZEMBRO,22.97100067138672,22.97100067138672,0.0,99,True,,ce25fb23-11d1-4169-a13a-4ad2908e70b0,Thread-185 (_executar_consulta_sequencial),Selenium
2025-07-08T21:51:11.589977,/consultar,consulta_assincrona_ano,2015,2015,JANEIRO,DEZEMBRO,21.497470378875732,21.497470378875732,0.0,89,True,,ce25fb23-11d1-4169-a13a-4ad2908e70b0,Thread-185 (_executar_consulta_sequencial),Selenium
2025-07-08T21:51:33.016409,/consultar,consulta_assincrona_ano,2016,2016,JANEIRO,DEZEMBRO,21.422118425369263,21.422118425369263,0.0,70,True,,ce25fb23-11d1-4169-a13a-4ad2908e70b0,Thread-185 (_executar_consulta_sequencial),Selenium
2025-07-08T21:51:54.696844,/consultar,consulta_assincrona_ano,2017,2017,JANEIRO,DEZEMBRO,21.676533460617065,21.676533460617065,0.0,68,True,,ce25fb23-11d1-4169-a13a-4ad2908e70b0,Thread-185 (_executar_consulta_sequencial),Selenium
2025-07-08T21:52:15.885944,/consultar,consulta_assincrona_ano,2018,2018,JANEIRO,DEZEMBRO,21.185973167419434,21.185973167419434,0.0,67,True,,ce25fb23-11d1-4169-a13a-4ad2908e70b0,Thread-185 (_executar_consulta_sequencial),Selenium
2025-07-08T21:52:36.807008,/consultar,consulta_assincrona_ano,2019,2019,JANEIRO,DEZEMBRO,20.917402029037476,20.917402029037476,0.0,63,True,,ce25fb23-11d1-4169-a13a-4ad2908e70b0,Thread-185 (_executar_consulta_sequencial),Selenium
2025-07-08T21:52:58.835708,/consultar,consulta_assincrona_ano,2020,2020,JANEIRO,DEZEMBRO,22.02565908432007,22.02565908432007,0.0,57,True,,ce25fb23-11d1-4169-a13a-4ad2908e70b0,Thread-185 (_executar_consulta_sequencial),Selenium
2025-07-08T21:53:20.707908,/consultar,consulta_assincrona_ano,2021,2021,JANEIRO,DEZEMBRO,21.868401765823364,21.868401765823364,0.0,63,True,,ce25fb23-11d1-4169-a13a-4ad2908e70b0,Thread-185 (_executar_consulta_sequencial),Selenium
2025-07-08T21:53:41.127060,/consultar,consulta_assincrona_ano,2022,2022,JANEIRO,DEZEMBRO,20.41562557220459,20.41562557220459,0.0,53,True,,ce25fb23-11d1-4169-a13a-4ad2908e70b0,Thread-185 (_executar_consulta_sequencial),Selenium
2025-07-08T21:54:03.546356,/consultar,consulta_assincrona_ano,2023,2023,JANEIRO,DEZEMBRO,22.41633152961731,22.41633152961731,0.0,53,True,,ce25fb23-11d1-4169-a13a-4ad2908e70b0,Thread-185 (_executar_consulta_sequencial),Selenium
2025-07-08T21:54:03.552074,/consultar,consulta_assincrona_final,2004,2023,JANEIRO,DEZEMBRO,437.6715085506439,437.6008393764496,0.0,1524,True,,ce25fb23-11d1-4169-a13a-4ad2908e70b0,Thread-185 (_executar_consulta_sequencial),Selenium
2025-07-08T21:54:17.405925,/consultar,consulta_assincrona_inicio,2010,2020,JANEIRO,DEZEMBRO,0.001138448715209961,0.0,0.0,0,True,,0f72189a-f6db-4f17-9072-9f330415de5c,MainThread,Selenium
2025-07-08T21:54:39.798132,/consultar,consulta_assincrona_ano,2010,2010,JANEIRO,DEZEMBRO,22.388620853424072,22.388620853424072,0.0,78,True,,0f72189a-f6db-4f17-9072-9f330415de5c,Thread-226 (_executar_consulta_sequencial),Selenium
2025-07-08T21:55:00.575911,/consultar,consulta_assincrona_ano,2011,2011,JANEIRO,DEZEMBRO,20.774152994155884,20.774152994155884,0.0,79,True,,0f72189a-f6db-4f17-9072-9f330415de5c,Thread-226 (_executar_consulta_sequencial),Selenium
2025-07-08T21:55:23.392604,/consultar,consulta_assincrona_ano,2012,2012,JANEIRO,DEZEMBRO,22.813127040863037,22.813127040863037,0.0,92,True,,0f72189a-f6db-4f17-9072-9f330415de5c,Thread-226 (_executar_consulta_sequencial),Selenium
2025-07-08T21:55:43.897710,/consultar,consulta_assincrona_ano,2013,2013,JANEIRO,DEZEMBRO,20.501500606536865,20.501500606536865,0.0,103,True,,0f72189a-f6db-4f17-9072-9f330415de5c,Thread-226 (_executar_consulta_sequencial),Selenium
2025-07-08T21:56:05.257670,/consultar,consulta_assincrona_ano,2014,2014,JANEIRO,DEZEMBRO,21.35569715499878,21.35569715499878,0.0,99,True,,0f72189a-f6db-4f17-9072-9f330415de5c,Thread-226 (_executar_consulta_sequencial),Selenium
2025-07-08T21:56:27.861569,/consultar,consulta_assincrona_ano,2015,2015,JANEIRO,DEZEMBRO,22.600184440612793,22.600184440612793,0.0,89,True,,0f72189a-f6db-4f17-9072-9f330415de5c,Thread-226 (_executar_consulta_sequencial),Selenium
2025-07-08T21:56:49.547619,/consultar,consulta_assincrona_ano,2016,2016,JANEIRO,DEZEMBRO,21.681722164154053,21.681722164154053,0.0,70,True,,0f72189a-f6db-4f17-9072-9f330415de5c,Thread-226 (_executar_consulta_sequencial),Selenium
2025-07-08T21:57:11.359354,/consultar,consulta_assincrona_ano,2017,2017,JANEIRO,DEZEMBRO,21.80733871459961,21.80733871459961,0.0,68,True,,0f72189a-f6db-4f17-9072-9f330415de5c,Thread-226 (_executar_consulta_sequencial),Selenium
2025-07-08T21:57:32.621628,/consultar,consulta_assincrona_ano,2018,2018,JANEIRO,DEZEMBRO,21.258559226989746,21.258559226989746,0.0,67,True,,0f72189a-f6db-4f17-9072-9f330415de5c,Thread-226 (_executar_consulta_sequencial),Selenium
2025-07-08T21:57:54.096385,/consultar,consulta_assincrona_ano,2019,2019,JANEIRO,DEZEMBRO,21.47040867805481,21.47040867805481,0.0,63,True,,0f72189a-f6db-4f17-9072-9f330415de5c,Thread-226 (_executar_consulta_sequencial),Selenium
2025-07-08T21:58:16.611311,/consultar,consulta_assincrona_ano,2020,2020,JANEIRO,DEZEMBRO,22.51122212409973,22.51122212409973,0.0,57,True,,0f72189a-f6db-4f17-9072-9f330415de5c,Thread-226 (_executar_consulta_sequencial),Selenium
2025-07-08T21:58:16.617587,/consultar,consulta_assincrona_final,2010,2020,JANEIRO,DEZEMBRO,239.20616698265076,239.16253399848938,0.0,865,True,,0f72189a-f6db-4f17-9072-9f330415de5c,Thread-226 (_executar_consulta_sequencial),Selenium
2025-07-08T21:58:24.250300,/consultar,consulta_assincrona_inicio,2010,2020,JANEIRO,DEZEMBRO,0.0012347698211669922,0.0,0.0,0,True,,49a8c142-4f3b-4665-9d47-bf1cfccdc8f2,MainThread,Selenium
2025-07-08T21:58:45.088228,/consultar,consulta_assincrona_ano,2010,2010,JANEIRO,DEZEMBRO,20.83483099937439,20.83483099937439,0.0,78,True,,49a8c142-4f3b-4665-9d47-bf1cfccdc8f2,Thread-249 (_executar_consulta_sequencial),Selenium
2025-07-08T21:59:05.675455,/consultar,consulta_assincrona_ano,2011,2011,JANEIRO,DEZEMBRO,20.5834698677063,20.5834698677063,0.0,79,True,,49a8c142-4f3b-4665-9d47-bf1cfccdc8f2,Thread-249 (_executar_consulta_sequencial),Selenium
2025-07-08T21:59:27.406532,/consultar,consulta_assincrona_ano,2012,2012,JANEIRO,DEZEMBRO,21.727542400360107,21.727542400360107,0.0,92,True,,49a8c142-4f3b-4665-9d47-bf1cfccdc8f2,Thread-249 (_executar_consulta_sequencial),Selenium
2025-07-08T21:59:48.780230,/consultar,consulta_assincrona_ano,2013,2013,JANEIRO,DEZEMBRO,21.37065100669861,21.37065100669861,0.0,103,True,,49a8c142-4f3b-4665-9d47-bf1cfccdc8f2,Thread-249 (_executar_consulta_sequencial),Selenium
2025-07-08T22:00:11.258217,/consultar,consulta_assincrona_ano,2014,2014,JANEIRO,DEZEMBRO,22.474227905273438,22.474227905273438,0.0,99,True,,49a8c142-4f3b-4665-9d47-bf1cfccdc8f2,Thread-249 (_executar_consulta_sequencial),Selenium
2025-07-08T22:00:33.887584,/consultar,consulta_assincrona_ano,2015,2015,JANEIRO,DEZEMBRO,22.625710487365723,22.625710487365723,0.0,89,True,,49a8c142-4f3b-4665-9d47-bf1cfccdc8f2,Thread-249 (_executar_consulta_sequencial),Selenium
2025-07-08T22:00:55.511909,/consultar,consulta_assincrona_ano,2016,2016,JANEIRO,DEZEMBRO,21.619691610336304,21.619691610336304,0.0,70,True,,49a8c142-4f3b-4665-9d47-bf1cfccdc8f2,Thread-249 (_executar_consulta_sequencial),Selenium
2025-07-08T22:01:16.742615,/consultar,consulta_assincrona_ano,2017,2017,JANEIRO,DEZEMBRO,21.227030277252197,21.227030277252197,0.0,68,True,,49a8c142-4f3b-4665-9d47-bf1cfccdc8f2,Thread-249 (_executar_consulta_sequencial),Selenium
2025-07-08T22:01:37.294403,/consultar,consulta_assincrona_ano,2018,2018,JANEIRO,DEZEMBRO,20.548251390457153,20.548251390457153,0.0,67,True,,49a8c142-4f3b-4665-9d47-bf1cfccdc8f2,Thread-249 (_executar_consulta_sequencial),Selenium
2025-07-08T22:01:58.954671,/consultar,consulta_assincrona_ano,2019,2019,JANEIRO,DEZEMBRO,21.65650486946106,21.65650486946106,0.0,63,True,,49a8c142-4f3b-4665-9d47-bf1cfccdc8f2,Thread-249 (_executar_consulta_sequencial),Selenium
2025-07-08T22:02:20.386461,/consultar,consulta_assincrona_ano,2020,2020,JANEIRO,DEZEMBRO,21.427467107772827,21.427467107772827,0.0,57,True,,49a8c142-4f3b-4665-9d47-bf1cfccdc8f2,Thread-249 (_executar_consulta_sequencial),Selenium
2025-07-08T22:02:20.392622,/consultar,consulta_assincrona_final,2010,2020,JANEIRO,DEZEMBRO,236.1373279094696,236.0953779220581,0.0,865,True,,49a8c142-4f3b-4665-9d47-bf1cfccdc8f2,Thread-249 (_executar_consulta_sequencial),Selenium
2025-07-08T22:02:31.146147,/consultar,consulta_assincrona_inicio,2010,2020,JANEIRO,DEZEMBRO,0.0012431144714355469,0.0,0.0,0,True,,4ee9347b-c8fc-4da6-8486-748ba16df4a0,MainThread,Selenium
2025-07-08T22:02:53.793475,/consultar,consulta_assincrona_ano,2010,2010,JANEIRO,DEZEMBRO,22.643769025802612,22.643769025802612,0.0,78,True,,4ee9347b-c8fc-4da6-8486-748ba16df4a0,Thread-272 (_executar_consulta_sequencial),Selenium
2025-07-08T22:03:14.322855,/consultar,consulta_assincrona_ano,2011,2011,JANEIRO,DEZEMBRO,20.526366472244263,20.526366472244263,0.0,79,True,,4ee9347b-c8fc-4da6-8486-748ba16df4a0,Thread-272 (_executar_consulta_sequencial),Selenium
2025-07-08T22:03:35.571468,/consultar,consulta_assincrona_ano,2012,2012,JANEIRO,DEZEMBRO,21.24502182006836,21.24502182006836,0.0,92,True,,4ee9347b-c8fc-4da6-8486-748ba16df4a0,Thread-272 (_executar_consulta_sequencial),Selenium
2025-07-08T22:03:56.279871,/consultar,consulta_assincrona_ano,2013,2013,JANEIRO,DEZEMBRO,20.704906702041626,20.704906702041626,0.0,103,True,,4ee9347b-c8fc-4da6-8486-748ba16df4a0,Thread-272 (_executar_consulta_sequencial),Selenium
2025-07-08T22:04:16.931207,/consultar,consulta_assincrona_ano,2014,2014,JANEIRO,DEZEMBRO,20.648411989212036,20.648411989212036,0.0,99,True,,4ee9347b-c8fc-4da6-8486-748ba16df4a0,Thread-272 (_executar_consulta_sequencial),Selenium
2025-07-08T22:04:37.645756,/consultar,consulta_assincrona_ano,2015,2015,JANEIRO,DEZEMBRO,20.7103431224823,20.7103431224823,0.0,89,True,,4ee9347b-c8fc-4da6-8486-748ba16df4a0,Thread-272 (_executar_consulta_sequencial),Selenium
2025-07-08T22:04:58.355062,/consultar,consulta_assincrona_ano,2016,2016,JANEIRO,DEZEMBRO,20.706302404403687,20.706302404403687,0.0,70,True,,4ee9347b-c8fc-4da6-8486-748ba16df4a0,Thread-272 (_executar_consulta_sequencial),Selenium
2025-07-08T22:05:20.951284,/consultar,consulta_assincrona_ano,2017,2017,JANEIRO,DEZEMBRO,22.591755151748657,22.591755151748657,0.0,68,True,,4ee9347b-c8fc-4da6-8486-748ba16df4a0,Thread-272 (_executar_consulta_sequencial),Selenium
2025-07-08T22:05:43.330923,/consultar,consulta_assincrona_ano,2018,2018,JANEIRO,DEZEMBRO,22.37601590156555,22.37601590156555,0.0,67,True,,4ee9347b-c8fc-4da6-8486-748ba16df4a0,Thread-272 (_executar_consulta_sequencial),Selenium
2025-07-08T22:06:04.849318,/consultar,consulta_assincrona_ano,2019,2019,JANEIRO,DEZEMBRO,21.51491355895996,21.51491355895996,0.0,63,True,,4ee9347b-c8fc-4da6-8486-748ba16df4a0,Thread-272 (_executar_consulta_sequencial),Selenium
2025-07-08T22:06:25.203044,/consultar,consulta_assincrona_ano,2020,2020,JANEIRO,DEZEMBRO,20.350114345550537,20.350114345550537,0.0,57,True,,4ee9347b-c8fc-4da6-8486-748ba16df4a0,Thread-272 (_executar_consulta_sequencial),Selenium
2025-07-08T22:06:25.208001,/consultar,consulta_assincrona_final,2010,2020,JANEIRO,DEZEMBRO,234.05706405639648,234.0179204940796,0.0,865,True,,4ee9347b-c8fc-4da6-8486-748ba16df4a0,Thread-272 (_executar_consulta_sequencial),Selenium
2025-07-08T22:06:38.002026,/consultar,consulta_assincrona_inicio,2010,2020,JANEIRO,DEZEMBRO,0.001131296157836914,0.0,0.0,0,True,,0d5f3c7a-e708-4fad-be37-85d78b171d19,MainThread,Selenium
2025-07-08T22:07:00.678365,/consultar,consulta_assincrona_ano,2010,2010,JANEIRO,DEZEMBRO,22.672755479812622,22.672755479812622,0.0,78,True,,0d5f3c7a-e708-4fad-be37-85d78b171d19,Thread-295 (_executar_consulta_sequencial),Selenium
2025-07-08T22:07:24.697661,/consultar,consulta_assincrona_ano,2011,2011,JANEIRO,DEZEMBRO,24.01574182510376,24.01574182510376,0.0,79,True,,0d5f3c7a-e708-4fad-be37-85d78b171d19,Thread-295 (_executar_consulta_sequencial),Selenium
2025-07-08T22:07:45.405680,/consultar,consulta_assincrona_ano,2012,2012,JANEIRO,DEZEMBRO,20.704478979110718,20.704478979110718,0.0,92,True,,0d5f3c7a-e708-4fad-be37-85d78b171d19,Thread-295 (_executar_consulta_sequencial),Selenium
2025-07-08T22:08:07.256255,/consultar,consulta_assincrona_ano,2013,2013,JANEIRO,DEZEMBRO,21.846912622451782,21.846912622451782,0.0,103,True,,0d5f3c7a-e708-4fad-be37-85d78b171d19,Thread-295 (_executar_consulta_sequencial),Selenium
2025-07-08T22:08:27.887096,/consultar,consulta_assincrona_ano,2014,2014,JANEIRO,DEZEMBRO,20.627294778823853,20.627294778823853,0.0,99,True,,0d5f3c7a-e708-4fad-be37-85d78b171d19,Thread-295 (_executar_consulta_sequencial),Selenium
2025-07-08T22:08:49.129479,/consultar,consulta_assincrona_ano,2015,2015,JANEIRO,DEZEMBRO,21.238598585128784,21.238598585128784,0.0,89,True,,0d5f3c7a-e708-4fad-be37-85d78b171d19,Thread-295 (_executar_consulta_sequencial),Selenium
2025-07-08T22:09:09.661301,/consultar,consulta_assincrona_ano,2016,2016,JANEIRO,DEZEMBRO,20.528141021728516,20.528141021728516,0.0,70,True,,0d5f3c7a-e708-4fad-be37-85d78b171d19,Thread-295 (_executar_consulta_sequencial),Selenium
2025-07-08T22:09:32.271343,/consultar,consulta_assincrona_ano,2017,2017,JANEIRO,DEZEMBRO,22.606412410736084,22.606412410736084,0.0,68,True,,0d5f3c7a-e708-4fad-be37-85d78b171d19,Thread-295 (_executar_consulta_sequencial),Selenium
2025-07-08T22:09:52.722649,/consultar,consulta_assincrona_ano,2018,2018,JANEIRO,DEZEMBRO,20.447591543197632,20.447591543197632,0.0,67,True,,0d5f3c7a-e708-4fad-be37-85d78b171d19,Thread-295 (_executar_consulta_sequencial),Selenium
2025-07-08T22:10:14.296302,/consultar,consulta_assincrona_ano,2019,2019,JANEIRO,DEZEMBRO,21.569401264190674,21.569401264190674,0.0,63,True,,0d5f3c7a-e708-4fad-be37-85d78b171d19,Thread-295 (_executar_consulta_sequencial),Selenium
2025-07-08T22:10:35.711426,/consultar,consulta_assincrona_ano,2020,2020,JANEIRO,DEZEMBRO,21.412110805511475,21.412110805511475,0.0,57,True,,0d5f3c7a-e708-4fad-be37-85d78b171d19,Thread-295 (_executar_consulta_sequencial),Selenium
2025-07-08T22:10:35.717007,/consultar,consulta_assincrona_final,2010,2020,JANEIRO,DEZEMBRO,237.7095229625702,237.6694393157959,0.0,865,True,,0d5f3c7a-e708-4fad-be37-85d78b171d19,Thread-295 (_executar_consulta_sequencial),Selenium
2025-07-08T22:10:44.882373,/consultar,consulta_assincrona_inicio,2010,2020,JANEIRO,DEZEMBRO,0.0012216567993164062,0.0,0.0,0,True,,a85350b3-c109-4722-8066-16a2a740d0d2,MainThread,Selenium
2025-07-08T22:11:06.604711,/consultar,consulta_assincrona_ano,2010,2010,JANEIRO,DEZEMBRO,21.71876072883606,21.71876072883606,0.0,78,True,,a85350b3-c109-4722-8066-16a2a740d0d2,Thread-318 (_executar_consulta_sequencial),Selenium
2025-07-08T22:11:27.620928,/consultar,consulta_assincrona_ano,2011,2011,JANEIRO,DEZEMBRO,21.01274347305298,21.01274347305298,0.0,79,True,,a85350b3-c109-4722-8066-16a2a740d0d2,Thread-318 (_executar_consulta_sequencial),Selenium
2025-07-08T22:11:48.456879,/consultar,consulta_assincrona_ano,2012,2012,JANEIRO,DEZEMBRO,20.83219623565674,20.83219623565674,0.0,92,True,,a85350b3-c109-4722-8066-16a2a740d0d2,Thread-318 (_executar_consulta_sequencial),Selenium
2025-07-08T22:12:10.500879,/consultar,consulta_assincrona_ano,2013,2013,JANEIRO,DEZEMBRO,22.040420532226562,22.040420532226562,0.0,103,True,,a85350b3-c109-4722-8066-16a2a740d0d2,Thread-318 (_executar_consulta_sequencial),Selenium
2025-07-08T22:12:31.854057,/consultar,consulta_assincrona_ano,2014,2014,JANEIRO,DEZEMBRO,21.349599599838257,21.349599599838257,0.0,99,True,,a85350b3-c109-4722-8066-16a2a740d0d2,Thread-318 (_executar_consulta_sequencial),Selenium
2025-07-08T22:12:53.851930,/consultar,consulta_assincrona_ano,2015,2015,JANEIRO,DEZEMBRO,21.994780778884888,21.994780778884888,0.0,89,True,,a85350b3-c109-4722-8066-16a2a740d0d2,Thread-318 (_executar_consulta_sequencial),Selenium
2025-07-08T22:13:14.372091,/consultar,consulta_assincrona_ano,2016,2016,JANEIRO,DEZEMBRO,20.51668691635132,20.51668691635132,0.0,70,True,,a85350b3-c109-4722-8066-16a2a740d0d2,Thread-318 (_executar_consulta_sequencial),Selenium
2025-07-08T22:13:37.598796,/consultar,consulta_assincrona_ano,2017,2017,JANEIRO,DEZEMBRO,23.22297763824463,23.22297763824463,0.0,68,True,,a85350b3-c109-4722-8066-16a2a740d0d2,Thread-318 (_executar_consulta_sequencial),Selenium
2025-07-08T22:13:57.943487,/consultar,consulta_assincrona_ano,2018,2018,JANEIRO,DEZEMBRO,20.341129064559937,20.341129064559937,0.0,67,True,,a85350b3-c109-4722-8066-16a2a740d0d2,Thread-318 (_executar_consulta_sequencial),Selenium
2025-07-08T22:14:19.447611,/consultar,consulta_assincrona_ano,2019,2019,JANEIRO,DEZEMBRO,21.500489234924316,21.500489234924316,0.0,63,True,,a85350b3-c109-4722-8066-16a2a740d0d2,Thread-318 (_executar_consulta_sequencial),Selenium
2025-07-08T22:14:40.029200,/consultar,consulta_assincrona_ano,2020,2020,JANEIRO,DEZEMBRO,20.57804846763611,20.57804846763611,0.0,57,True,,a85350b3-c109-4722-8066-16a2a740d0d2,Thread-318 (_executar_consulta_sequencial),Selenium
2025-07-08T22:14:40.034052,/consultar,consulta_assincrona_final,2010,2020,JANEIRO,DEZEMBRO,235.14623713493347,235.1078326702118,0.0,865,True,,a85350b3-c109-4722-8066-16a2a740d0d2,Thread-318 (_executar_consulta_sequencial),Selenium
2025-07-09T08:42:28.619107,/consultar,consulta_assincrona_inicio,2015,2023,JANEIRO,DEZEMBRO,0.0016672611236572266,0.0,0.0,0,True,,1c209f28-8486-456a-8f73-23fa9e811aaa,MainThread,Selenium
2025-07-09T08:42:53.090156,/consultar,consulta_assincrona_ano,2015,2015,JANEIRO,DEZEMBRO,24.455326318740845,24.455326318740845,0.0,89,True,,1c209f28-8486-456a-8f73-23fa9e811aaa,Thread-1 (_executar_consulta_sequencial),Selenium
2025-07-09T08:43:15.273725,/consultar,consulta_assincrona_ano,2016,2016,JANEIRO,DEZEMBRO,22.17800807952881,22.17800807952881,0.0,70,True,,1c209f28-8486-456a-8f73-23fa9e811aaa,Thread-1 (_executar_consulta_sequencial),Selenium
2025-07-09T08:43:37.606585,/consultar,consulta_assincrona_ano,2017,2017,JANEIRO,DEZEMBRO,22.329153776168823,22.329153776168823,0.0,68,True,,1c209f28-8486-456a-8f73-23fa9e811aaa,Thread-1 (_executar_consulta_sequencial),Selenium
2025-07-09T08:43:58.325587,/consultar,consulta_assincrona_ano,2018,2018,JANEIRO,DEZEMBRO,20.712162017822266,20.712162017822266,0.0,67,True,,1c209f28-8486-456a-8f73-23fa9e811aaa,Thread-1 (_executar_consulta_sequencial),Selenium
2025-07-09T08:44:19.528472,/consultar,consulta_assincrona_ano,2019,2019,JANEIRO,DEZEMBRO,21.197882413864136,21.197882413864136,0.0,63,True,,1c209f28-8486-456a-8f73-23fa9e811aaa,Thread-1 (_executar_consulta_sequencial),Selenium
2025-07-09T08:44:40.603354,/consultar,consulta_assincrona_ano,2020,2020,JANEIRO,DEZEMBRO,21.069759607315063,21.069759607315063,0.0,57,True,,1c209f28-8486-456a-8f73-23fa9e811aaa,Thread-1 (_executar_consulta_sequencial),Selenium
2025-07-09T08:45:01.538674,/consultar,consulta_assincrona_ano,2021,2021,JANEIRO,DEZEMBRO,20.929446935653687,20.929446935653687,0.0,63,True,,1c209f28-8486-456a-8f73-23fa9e811aaa,Thread-1 (_executar_consulta_sequencial),Selenium
2025-07-09T08:45:22.642915,/consultar,consulta_assincrona_ano,2022,2022,JANEIRO,DEZEMBRO,21.09455895423889,21.09455895423889,0.0,53,True,,1c209f28-8486-456a-8f73-23fa9e811aaa,Thread-1 (_executar_consulta_sequencial),Selenium
2025-07-09T08:45:43.910827,/consultar,consulta_assincrona_ano,2023,2023,JANEIRO,DEZEMBRO,21.263941526412964,21.263941526412964,0.0,53,True,,1c209f28-8486-456a-8f73-23fa9e811aaa,Thread-1 (_executar_consulta_sequencial),Selenium
2025-07-09T08:45:43.919471,/consultar,consulta_assincrona_final,2015,2023,JANEIRO,DEZEMBRO,195.28313279151917,195.23023962974548,0.0,583,True,,1c209f28-8486-456a-8f73-23fa9e811aaa,Thread-1 (_executar_consulta_sequencial),Selenium
2025-07-09T08:45:59.427393,/consultar,consulta_assincrona_inicio,2015,2023,JANEIRO,DEZEMBRO,0.001542806625366211,0.0,0.0,0,True,,73613514-5fa5-47cf-92f0-22265dc11805,MainThread,Selenium
2025-07-09T08:46:20.905688,/consultar,consulta_assincrona_ano,2015,2015,JANEIRO,DEZEMBRO,21.47354006767273,21.47354006767273,0.0,89,True,,73613514-5fa5-47cf-92f0-22265dc11805,Thread-20 (_executar_consulta_sequencial),Selenium
2025-07-09T08:46:42.801241,/consultar,consulta_assincrona_ano,2016,2016,JANEIRO,DEZEMBRO,21.89043664932251,21.89043664932251,0.0,70,True,,73613514-5fa5-47cf-92f0-22265dc11805,Thread-20 (_executar_consulta_sequencial),Selenium
2025-07-09T08:47:04.496879,/consultar,consulta_assincrona_ano,2017,2017,JANEIRO,DEZEMBRO,21.69563865661621,21.69563865661621,0.0,68,True,,73613514-5fa5-47cf-92f0-22265dc11805,Thread-20 (_executar_consulta_sequencial),Selenium
2025-07-09T08:47:25.647174,/consultar,consulta_assincrona_ano,2018,2018,JANEIRO,DEZEMBRO,21.14455795288086,21.14455795288086,0.0,67,True,,73613514-5fa5-47cf-92f0-22265dc11805,Thread-20 (_executar_consulta_sequencial),Selenium
2025-07-09T08:47:46.746137,/consultar,consulta_assincrona_ano,2019,2019,JANEIRO,DEZEMBRO,21.092713117599487,21.092713117599487,0.0,63,True,,73613514-5fa5-47cf-92f0-22265dc11805,Thread-20 (_executar_consulta_sequencial),Selenium
2025-07-09T08:48:07.655002,/consultar,consulta_assincrona_ano,2020,2020,JANEIRO,DEZEMBRO,20.904330015182495,20.904330015182495,0.0,57,True,,73613514-5fa5-47cf-92f0-22265dc11805,Thread-20 (_executar_consulta_sequencial),Selenium
2025-07-09T08:48:28.963833,/consultar,consulta_assincrona_ano,2021,2021,JANEIRO,DEZEMBRO,21.300048828125,21.300048828125,0.0,63,True,,73613514-5fa5-47cf-92f0-22265dc11805,Thread-20 (_executar_consulta_sequencial),Selenium
2025-07-09T08:48:50.461558,/consultar,consulta_assincrona_ano,2022,2022,JANEIRO,DEZEMBRO,21.49261999130249,21.49261999130249,0.0,53,True,,73613514-5fa5-47cf-92f0-22265dc11805,Thread-20 (_executar_consulta_sequencial),Selenium
2025-07-09T08:49:11.476873,/consultar,consulta_assincrona_ano,2023,2023,JANEIRO,DEZEMBRO,21.00634741783142,21.00634741783142,0.0,53,True,,73613514-5fa5-47cf-92f0-22265dc11805,Thread-20 (_executar_consulta_sequencial),Selenium
2025-07-09T08:49:11.483950,/consultar,consulta_assincrona_final,2015,2023,JANEIRO,DEZEMBRO,192.04472517967224,192.0002326965332,0.0,583,True,,73613514-5fa5-47cf-92f0-22265dc11805,Thread-20 (_executar_consulta_sequencial),Selenium
2025-07-09T08:49:18.209621,/consultar,consulta_assincrona_inicio,2015,2023,JANEIRO,DEZEMBRO,0.0,0.0,0.0,0,True,,a30faef7-9cbc-4a88-9b9e-d07b479a0b77,MainThread,Selenium
2025-07-09T08:49:39.541105,/consultar,consulta_assincrona_ano,2015,2015,JANEIRO,DEZEMBRO,21.32644820213318,21.32644820213318,0.0,89,True,,a30faef7-9cbc-4a88-9b9e-d07b479a0b77,Thread-39 (_executar_consulta_sequencial),Selenium
2025-07-09T08:50:00.460996,/consultar,consulta_assincrona_ano,2016,2016,JANEIRO,DEZEMBRO,20.91799235343933,20.91799235343933,0.0,70,True,,a30faef7-9cbc-4a88-9b9e-d07b479a0b77,Thread-39 (_executar_consulta_sequencial),Selenium
2025-07-09T08:50:21.461182,/consultar,consulta_assincrona_ano,2017,2017,JANEIRO,DEZEMBRO,20.996140003204346,20.996140003204346,0.0,68,True,,a30faef7-9cbc-4a88-9b9e-d07b479a0b77,Thread-39 (_executar_consulta_sequencial),Selenium
2025-07-09T08:50:42.328615,/consultar,consulta_assincrona_ano,2018,2018,JANEIRO,DEZEMBRO,20.860949754714966,20.860949754714966,0.0,67,True,,a30faef7-9cbc-4a88-9b9e-d07b479a0b77,Thread-39 (_executar_consulta_sequencial),Selenium
2025-07-09T08:51:03.255972,/consultar,consulta_assincrona_ano,2019,2019,JANEIRO,DEZEMBRO,20.923705577850342,20.923705577850342,0.0,63,True,,a30faef7-9cbc-4a88-9b9e-d07b479a0b77,Thread-39 (_executar_consulta_sequencial),Selenium
2025-07-09T08:51:24.188655,/consultar,consulta_assincrona_ano,2020,2020,JANEIRO,DEZEMBRO,20.923935413360596,20.923935413360596,0.0,57,True,,a30faef7-9cbc-4a88-9b9e-d07b479a0b77,Thread-39 (_executar_consulta_sequencial),Selenium
2025-07-09T08:51:44.962369,/consultar,consulta_assincrona_ano,2021,2021,JANEIRO,DEZEMBRO,20.767815828323364,20.767815828323364,0.0,63,True,,a30faef7-9cbc-4a88-9b9e-d07b479a0b77,Thread-39 (_executar_consulta_sequencial),Selenium
2025-07-09T08:52:05.947362,/consultar,consulta_assincrona_ano,2022,2022,JANEIRO,DEZEMBRO,20.97830319404602,20.97830319404602,0.0,53,True,,a30faef7-9cbc-4a88-9b9e-d07b479a0b77,Thread-39 (_executar_consulta_sequencial),Selenium
2025-07-09T08:52:27.247157,/consultar,consulta_assincrona_ano,2023,2023,JANEIRO,DEZEMBRO,21.297196626663208,21.297196626663208,0.0,53,True,,a30faef7-9cbc-4a88-9b9e-d07b479a0b77,Thread-39 (_executar_consulta_sequencial),Selenium
2025-07-09T08:52:27.251192,/consultar,consulta_assincrona_final,2015,2023,JANEIRO,DEZEMBRO,189.03653502464294,188.99248695373535,0.0,583,True,,a30faef7-9cbc-4a88-9b9e-d07b479a0b77,Thread-39 (_executar_consulta_sequencial),Selenium
2025-07-09T08:52:36.955640,/consultar,consulta_assincrona_inicio,2015,2023,JANEIRO,DEZEMBRO,0.0,0.0,0.0,0,True,,9eb9a4f8-7be2-4900-aceb-c512c64e6b3c,MainThread,Selenium
2025-07-09T08:52:58.033528,/consultar,consulta_assincrona_ano,2015,2015,JANEIRO,DEZEMBRO,21.071397066116333,21.071397066116333,0.0,89,True,,9eb9a4f8-7be2-4900-aceb-c512c64e6b3c,Thread-58 (_executar_consulta_sequencial),Selenium
2025-07-09T08:53:18.918589,/consultar,consulta_assincrona_ano,2016,2016,JANEIRO,DEZEMBRO,20.880422353744507,20.880422353744507,0.0,70,True,,9eb9a4f8-7be2-4900-aceb-c512c64e6b3c,Thread-58 (_executar_consulta_sequencial),Selenium
2025-07-09T08:53:40.156450,/consultar,consulta_assincrona_ano,2017,2017,JANEIRO,DEZEMBRO,21.232221603393555,21.232221603393555,0.0,68,True,,9eb9a4f8-7be2-4900-aceb-c512c64e6b3c,Thread-58 (_executar_consulta_sequencial),Selenium
2025-07-09T08:54:00.873368,/consultar,consulta_assincrona_ano,2018,2018,JANEIRO,DEZEMBRO,20.710017681121826,20.710017681121826,0.0,67,True,,9eb9a4f8-7be2-4900-aceb-c512c64e6b3c,Thread-58 (_executar_consulta_sequencial),Selenium
2025-07-09T08:54:22.062227,/consultar,consulta_assincrona_ano,2019,2019,JANEIRO,DEZEMBRO,21.185059309005737,21.185059309005737,0.0,63,True,,9eb9a4f8-7be2-4900-aceb-c512c64e6b3c,Thread-58 (_executar_consulta_sequencial),Selenium
2025-07-09T08:54:43.246066,/consultar,consulta_assincrona_ano,2020,2020,JANEIRO,DEZEMBRO,21.177551984786987,21.177551984786987,0.0,57,True,,9eb9a4f8-7be2-4900-aceb-c512c64e6b3c,Thread-58 (_executar_consulta_sequencial),Selenium
2025-07-09T08:55:03.952016,/consultar,consulta_assincrona_ano,2021,2021,JANEIRO,DEZEMBRO,20.700119256973267,20.700119256973267,0.0,63,True,,9eb9a4f8-7be2-4900-aceb-c512c64e6b3c,Thread-58 (_executar_consulta_sequencial),Selenium
2025-07-09T08:55:25.704386,/consultar,consulta_assincrona_ano,2022,2022,JANEIRO,DEZEMBRO,21.75236940383911,21.75236940383911,0.0,53,True,,9eb9a4f8-7be2-4900-aceb-c512c64e6b3c,Thread-58 (_executar_consulta_sequencial),Selenium
2025-07-09T08:55:46.440605,/consultar,consulta_assincrona_ano,2023,2023,JANEIRO,DEZEMBRO,20.726983547210693,20.726983547210693,0.0,53,True,,9eb9a4f8-7be2-4900-aceb-c512c64e6b3c,Thread-58 (_executar_consulta_sequencial),Selenium
2025-07-09T08:55:46.445671,/consultar,consulta_assincrona_final,2015,2023,JANEIRO,DEZEMBRO,189.48048520088196,189.43614220619202,0.0,583,True,,9eb9a4f8-7be2-4900-aceb-c512c64e6b3c,Thread-58 (_executar_consulta_sequencial),Selenium
2025-07-09T08:55:55.701761,/consultar,consulta_assincrona_inicio,2015,2023,JANEIRO,DEZEMBRO,0.0,0.0,0.0,0,True,,23fe85e2-4dfc-408d-9535-74c4843f09ff,MainThread,Selenium
2025-07-09T08:56:16.707097,/consultar,consulta_assincrona_ano,2015,2015,JANEIRO,DEZEMBRO,21.001598834991455,21.001598834991455,0.0,89,True,,23fe85e2-4dfc-408d-9535-74c4843f09ff,Thread-77 (_executar_consulta_sequencial),Selenium
2025-07-09T08:56:37.759856,/consultar,consulta_assincrona_ano,2016,2016,JANEIRO,DEZEMBRO,21.04878544807434,21.04878544807434,0.0,70,True,,23fe85e2-4dfc-408d-9535-74c4843f09ff,Thread-77 (_executar_consulta_sequencial),Selenium
2025-07-09T08:57:00.203135,/consultar,consulta_assincrona_ano,2017,2017,JANEIRO,DEZEMBRO,22.438934087753296,22.438934087753296,0.0,68,True,,23fe85e2-4dfc-408d-9535-74c4843f09ff,Thread-77 (_executar_consulta_sequencial),Selenium
2025-07-09T08:57:22.132453,/consultar,consulta_assincrona_ano,2018,2018,JANEIRO,DEZEMBRO,21.924728870391846,21.924728870391846,0.0,67,True,,23fe85e2-4dfc-408d-9535-74c4843f09ff,Thread-77 (_executar_consulta_sequencial),Selenium
2025-07-09T08:57:44.038093,/consultar,consulta_assincrona_ano,2019,2019,JANEIRO,DEZEMBRO,21.900164365768433,21.900164365768433,0.0,63,True,,23fe85e2-4dfc-408d-9535-74c4843f09ff,Thread-77 (_executar_consulta_sequencial),Selenium
2025-07-09T08:58:05.037105,/consultar,consulta_assincrona_ano,2020,2020,JANEIRO,DEZEMBRO,20.994654417037964,20.994654417037964,0.0,57,True,,23fe85e2-4dfc-408d-9535-74c4843f09ff,Thread-77 (_executar_consulta_sequencial),Selenium
2025-07-09T08:58:26.283654,/consultar,consulta_assincrona_ano,2021,2021,JANEIRO,DEZEMBRO,21.243727207183838,21.243727207183838,0.0,63,True,,23fe85e2-4dfc-408d-9535-74c4843f09ff,Thread-77 (_executar_consulta_sequencial),Selenium
2025-07-09T08:58:47.865683,/consultar,consulta_assincrona_ano,2022,2022,JANEIRO,DEZEMBRO,21.571842193603516,21.571842193603516,0.0,53,True,,23fe85e2-4dfc-408d-9535-74c4843f09ff,Thread-77 (_executar_consulta_sequencial),Selenium
2025-07-09T08:59:09.043175,/consultar,consulta_assincrona_ano,2023,2023,JANEIRO,DEZEMBRO,21.177492141723633,21.177492141723633,0.0,53,True,,23fe85e2-4dfc-408d-9535-74c4843f09ff,Thread-77 (_executar_consulta_sequencial),Selenium
2025-07-09T08:59:09.050901,/consultar,consulta_assincrona_final,2015,2023,JANEIRO,DEZEMBRO,193.3433690071106,193.30192756652832,0.0,583,True,,23fe85e2-4dfc-408d-9535-74c4843f09ff,Thread-77 (_executar_consulta_sequencial),Selenium
2025-07-09T08:59:14.501729,/consultar,consulta_assincrona_inicio,2003,2023,JANEIRO,DEZEMBRO,0.002019643783569336,0.0,0.0,0,True,,8ed06d26-15fb-4def-943a-73bf49862b60,MainThread,Selenium
2025-07-09T08:59:35.898199,/consultar,consulta_assincrona_ano,2003,2003,JANEIRO,DEZEMBRO,21.396470069885254,21.396470069885254,0.0,69,True,,8ed06d26-15fb-4def-943a-73bf49862b60,Thread-96 (_executar_consulta_sequencial),Selenium
2025-07-09T08:59:57.723009,/consultar,consulta_assincrona_ano,2004,2004,JANEIRO,DEZEMBRO,21.821771383285522,21.821771383285522,0.0,84,True,,8ed06d26-15fb-4def-943a-73bf49862b60,Thread-96 (_executar_consulta_sequencial),Selenium
2025-07-09T09:00:19.016847,/consultar,consulta_assincrona_ano,2005,2005,JANEIRO,DEZEMBRO,21.293837785720825,21.293837785720825,0.0,89,True,,8ed06d26-15fb-4def-943a-73bf49862b60,Thread-96 (_executar_consulta_sequencial),Selenium
2025-07-09T09:00:40.585287,/consultar,consulta_assincrona_ano,2006,2006,JANEIRO,DEZEMBRO,21.561919927597046,21.561919927597046,0.0,79,True,,8ed06d26-15fb-4def-943a-73bf49862b60,Thread-96 (_executar_consulta_sequencial),Selenium
2025-07-09T09:01:02.662467,/consultar,consulta_assincrona_ano,2007,2007,JANEIRO,DEZEMBRO,22.0771803855896,22.0771803855896,0.0,73,True,,8ed06d26-15fb-4def-943a-73bf49862b60,Thread-96 (_executar_consulta_sequencial),Selenium
2025-07-09T09:01:24.609379,/consultar,consulta_assincrona_ano,2008,2008,JANEIRO,DEZEMBRO,21.942886352539062,21.942886352539062,0.0,82,True,,8ed06d26-15fb-4def-943a-73bf49862b60,Thread-96 (_executar_consulta_sequencial),Selenium
2025-07-09T09:01:47.908698,/consultar,consulta_assincrona_ano,2009,2009,JANEIRO,DEZEMBRO,23.293503522872925,23.293503522872925,0.0,83,True,,8ed06d26-15fb-4def-943a-73bf49862b60,Thread-96 (_executar_consulta_sequencial),Selenium
2025-07-09T09:02:10.272083,/consultar,consulta_assincrona_ano,2010,2010,JANEIRO,DEZEMBRO,22.363385438919067,22.363385438919067,0.0,78,True,,8ed06d26-15fb-4def-943a-73bf49862b60,Thread-96 (_executar_consulta_sequencial),Selenium
2025-07-09T09:02:31.557859,/consultar,consulta_assincrona_ano,2011,2011,JANEIRO,DEZEMBRO,21.285776138305664,21.285776138305664,0.0,79,True,,8ed06d26-15fb-4def-943a-73bf49862b60,Thread-96 (_executar_consulta_sequencial),Selenium
2025-07-09T09:02:54.159108,/consultar,consulta_assincrona_ano,2012,2012,JANEIRO,DEZEMBRO,22.597166538238525,22.597166538238525,0.0,92,True,,8ed06d26-15fb-4def-943a-73bf49862b60,Thread-96 (_executar_consulta_sequencial),Selenium
2025-07-09T09:03:15.396710,/consultar,consulta_assincrona_ano,2013,2013,JANEIRO,DEZEMBRO,21.234480142593384,21.234480142593384,0.0,103,True,,8ed06d26-15fb-4def-943a-73bf49862b60,Thread-96 (_executar_consulta_sequencial),Selenium
2025-07-09T09:03:37.190458,/consultar,consulta_assincrona_ano,2014,2014,JANEIRO,DEZEMBRO,21.787432193756104,21.787432193756104,0.0,99,True,,8ed06d26-15fb-4def-943a-73bf49862b60,Thread-96 (_executar_consulta_sequencial),Selenium
2025-07-09T09:03:58.437315,/consultar,consulta_assincrona_ano,2015,2015,JANEIRO,DEZEMBRO,21.241549968719482,21.241549968719482,0.0,89,True,,8ed06d26-15fb-4def-943a-73bf49862b60,Thread-96 (_executar_consulta_sequencial),Selenium
2025-07-09T09:04:19.725558,/consultar,consulta_assincrona_ano,2016,2016,JANEIRO,DEZEMBRO,21.282133102416992,21.282133102416992,0.0,70,True,,8ed06d26-15fb-4def-943a-73bf49862b60,Thread-96 (_executar_consulta_sequencial),Selenium
2025-07-09T09:04:40.739578,/consultar,consulta_assincrona_ano,2017,2017,JANEIRO,DEZEMBRO,21.0087628364563,21.0087628364563,0.0,41,True,,8ed06d26-15fb-4def-943a-73bf49862b60,Thread-96 (_executar_consulta_sequencial),Selenium
2025-07-09T09:05:01.951428,/consultar,consulta_assincrona_ano,2018,2018,JANEIRO,DEZEMBRO,21.206634998321533,21.206634998321533,0.0,67,True,,8ed06d26-15fb-4def-943a-73bf49862b60,Thread-96 (_executar_consulta_sequencial),Selenium
2025-07-09T09:05:23.106191,/consultar,consulta_assincrona_ano,2019,2019,JANEIRO,DEZEMBRO,21.15073800086975,21.15073800086975,0.0,63,True,,8ed06d26-15fb-4def-943a-73bf49862b60,Thread-96 (_executar_consulta_sequencial),Selenium
2025-07-09T09:05:44.277780,/consultar,consulta_assincrona_ano,2020,2020,JANEIRO,DEZEMBRO,21.165953636169434,21.165953636169434,0.0,57,True,,8ed06d26-15fb-4def-943a-73bf49862b60,Thread-96 (_executar_consulta_sequencial),Selenium
2025-07-09T09:06:05.769022,/consultar,consulta_assincrona_ano,2021,2021,JANEIRO,DEZEMBRO,21.486928462982178,21.486928462982178,0.0,63,True,,8ed06d26-15fb-4def-943a-73bf49862b60,Thread-96 (_executar_consulta_sequencial),Selenium
2025-07-09T09:06:26.842586,/consultar,consulta_assincrona_ano,2022,2022,JANEIRO,DEZEMBRO,21.06769609451294,21.06769609451294,0.0,53,True,,8ed06d26-15fb-4def-943a-73bf49862b60,Thread-96 (_executar_consulta_sequencial),Selenium
2025-07-09T09:06:47.936225,/consultar,consulta_assincrona_ano,2023,2023,JANEIRO,DEZEMBRO,21.09061312675476,21.09061312675476,0.0,53,True,,8ed06d26-15fb-4def-943a-73bf49862b60,Thread-96 (_executar_consulta_sequencial),Selenium
2025-07-09T09:06:47.943118,/consultar,consulta_assincrona_final,2003,2023,JANEIRO,DEZEMBRO,453.44138979911804,453.35682010650635,0.0,1566,True,,8ed06d26-15fb-4def-943a-73bf49862b60,Thread-96 (_executar_consulta_sequencial),Selenium
2025-07-09T10:07:52.322403,/consultar,consulta_assincrona_inicio,2003,2023,JANEIRO,DEZEMBRO,0.002010345458984375,0.0,0.0,0,True,,ad885ce0-b480-431e-a1c3-5d06ce14e602,MainThread,Selenium
2025-07-09T10:08:13.817736,/consultar,consulta_assincrona_ano,2003,2003,JANEIRO,DEZEMBRO,21.490012884140015,21.490012884140015,0.0,69,True,,ad885ce0-b480-431e-a1c3-5d06ce14e602,Thread-182 (_executar_consulta_sequencial),Selenium
2025-07-09T10:08:35.517585,/consultar,consulta_assincrona_ano,2004,2004,JANEIRO,DEZEMBRO,21.695903062820435,21.695903062820435,0.0,84,True,,ad885ce0-b480-431e-a1c3-5d06ce14e602,Thread-182 (_executar_consulta_sequencial),Selenium
2025-07-09T10:08:56.624796,/consultar,consulta_assincrona_ano,2005,2005,JANEIRO,DEZEMBRO,21.10366415977478,21.10366415977478,0.0,89,True,,ad885ce0-b480-431e-a1c3-5d06ce14e602,Thread-182 (_executar_consulta_sequencial),Selenium
2025-07-09T10:09:18.829205,/consultar,consulta_assincrona_ano,2006,2006,JANEIRO,DEZEMBRO,22.19833254814148,22.19833254814148,0.0,79,True,,ad885ce0-b480-431e-a1c3-5d06ce14e602,Thread-182 (_executar_consulta_sequencial),Selenium
2025-07-09T10:09:41.206006,/consultar,consulta_assincrona_ano,2007,2007,JANEIRO,DEZEMBRO,22.373218536376953,22.373218536376953,0.0,73,True,,ad885ce0-b480-431e-a1c3-5d06ce14e602,Thread-182 (_executar_consulta_sequencial),Selenium
2025-07-09T10:10:04.313868,/consultar,consulta_assincrona_ano,2008,2008,JANEIRO,DEZEMBRO,23.102043390274048,23.102043390274048,0.0,82,True,,ad885ce0-b480-431e-a1c3-5d06ce14e602,Thread-182 (_executar_consulta_sequencial),Selenium
2025-07-09T10:10:26.899632,/consultar,consulta_assincrona_ano,2009,2009,JANEIRO,DEZEMBRO,22.582281589508057,22.582281589508057,0.0,83,True,,ad885ce0-b480-431e-a1c3-5d06ce14e602,Thread-182 (_executar_consulta_sequencial),Selenium
2025-07-09T10:10:49.252230,/consultar,consulta_assincrona_ano,2010,2010,JANEIRO,DEZEMBRO,22.34857726097107,22.34857726097107,0.0,78,True,,ad885ce0-b480-431e-a1c3-5d06ce14e602,Thread-182 (_executar_consulta_sequencial),Selenium
2025-07-09T10:11:10.850271,/consultar,consulta_assincrona_ano,2011,2011,JANEIRO,DEZEMBRO,21.593045473098755,21.593045473098755,0.0,79,True,,ad885ce0-b480-431e-a1c3-5d06ce14e602,Thread-182 (_executar_consulta_sequencial),Selenium
2025-07-09T10:11:32.979677,/consultar,consulta_assincrona_ano,2012,2012,JANEIRO,DEZEMBRO,22.129405736923218,22.129405736923218,0.0,92,True,,ad885ce0-b480-431e-a1c3-5d06ce14e602,Thread-182 (_executar_consulta_sequencial),Selenium
2025-07-09T10:11:54.174803,/consultar,consulta_assincrona_ano,2013,2013,JANEIRO,DEZEMBRO,21.19512677192688,21.19512677192688,0.0,103,True,,ad885ce0-b480-431e-a1c3-5d06ce14e602,Thread-182 (_executar_consulta_sequencial),Selenium
2025-07-09T10:12:14.971503,/consultar,consulta_assincrona_ano,2014,2014,JANEIRO,DEZEMBRO,20.793055772781372,20.793055772781372,0.0,56,True,,ad885ce0-b480-431e-a1c3-5d06ce14e602,Thread-182 (_executar_consulta_sequencial),Selenium
2025-07-09T10:12:36.136663,/consultar,consulta_assincrona_ano,2015,2015,JANEIRO,DEZEMBRO,21.161774396896362,21.161774396896362,0.0,89,True,,ad885ce0-b480-431e-a1c3-5d06ce14e602,Thread-182 (_executar_consulta_sequencial),Selenium
2025-07-09T10:12:57.422453,/consultar,consulta_assincrona_ano,2016,2016,JANEIRO,DEZEMBRO,21.27895212173462,21.27895212173462,0.0,70,True,,ad885ce0-b480-431e-a1c3-5d06ce14e602,Thread-182 (_executar_consulta_sequencial),Selenium
2025-07-09T10:13:19.272315,/consultar,consulta_assincrona_ano,2017,2017,JANEIRO,DEZEMBRO,21.837883949279785,21.837883949279785,0.0,68,True,,ad885ce0-b480-431e-a1c3-5d06ce14e602,Thread-182 (_executar_consulta_sequencial),Selenium
2025-07-09T10:13:40.279027,/consultar,consulta_assincrona_ano,2018,2018,JANEIRO,DEZEMBRO,21.0020649433136,21.0020649433136,0.0,67,True,,ad885ce0-b480-431e-a1c3-5d06ce14e602,Thread-182 (_executar_consulta_sequencial),Selenium
2025-07-09T10:14:01.322748,/consultar,consulta_assincrona_ano,2019,2019,JANEIRO,DEZEMBRO,21.039270877838135,21.039270877838135,0.0,63,True,,ad885ce0-b480-431e-a1c3-5d06ce14e602,Thread-182 (_executar_consulta_sequencial),Selenium
2025-07-09T10:14:22.318045,/consultar,consulta_assincrona_ano,2020,2020,JANEIRO,DEZEMBRO,20.992271900177002,20.992271900177002,0.0,57,True,,ad885ce0-b480-431e-a1c3-5d06ce14e602,Thread-182 (_executar_consulta_sequencial),Selenium
2025-07-09T10:14:43.132154,/consultar,consulta_assincrona_ano,2021,2021,JANEIRO,DEZEMBRO,20.810242652893066,20.810242652893066,0.0,63,True,,ad885ce0-b480-431e-a1c3-5d06ce14e602,Thread-182 (_executar_consulta_sequencial),Selenium
2025-07-09T10:15:04.126375,/consultar,consulta_assincrona_ano,2022,2022,JANEIRO,DEZEMBRO,20.991499662399292,20.991499662399292,0.0,53,True,,ad885ce0-b480-431e-a1c3-5d06ce14e602,Thread-182 (_executar_consulta_sequencial),Selenium
2025-07-09T10:15:25.755127,/consultar,consulta_assincrona_ano,2023,2023,JANEIRO,DEZEMBRO,21.62492060661316,21.62492060661316,0.0,53,True,,ad885ce0-b480-431e-a1c3-5d06ce14e602,Thread-182 (_executar_consulta_sequencial),Selenium
2025-07-09T10:15:25.765450,/consultar,consulta_assincrona_final,2003,2023,JANEIRO,DEZEMBRO,453.4349937438965,453.3435482978821,0.0,1550,True,,ad885ce0-b480-431e-a1c3-5d06ce14e602,Thread-182 (_executar_consulta_sequencial),Selenium
2025-07-09T10:15:35.999853,/consultar,consulta_assincrona_inicio,2003,2023,JANEIRO,DEZEMBRO,0.0,0.0,0.0,0,True,,35c1e827-82df-478f-b1e5-f087febd3378,MainThread,Selenium
2025-07-09T10:15:57.222794,/consultar,consulta_assincrona_ano,2003,2003,JANEIRO,DEZEMBRO,21.21486258506775,21.21486258506775,0.0,69,True,,35c1e827-82df-478f-b1e5-f087febd3378,Thread-225 (_executar_consulta_sequencial),Selenium
2025-07-09T10:16:18.415267,/consultar,consulta_assincrona_ano,2004,2004,JANEIRO,DEZEMBRO,21.18944501876831,21.18944501876831,0.0,84,True,,35c1e827-82df-478f-b1e5-f087febd3378,Thread-225 (_executar_consulta_sequencial),Selenium
2025-07-09T10:16:39.480305,/consultar,consulta_assincrona_ano,2005,2005,JANEIRO,DEZEMBRO,21.059465169906616,21.059465169906616,0.0,89,True,,35c1e827-82df-478f-b1e5-f087febd3378,Thread-225 (_executar_consulta_sequencial),Selenium
2025-07-09T10:17:01.548349,/consultar,consulta_assincrona_ano,2006,2006,JANEIRO,DEZEMBRO,22.06103229522705,22.06103229522705,0.0,79,True,,35c1e827-82df-478f-b1e5-f087febd3378,Thread-225 (_executar_consulta_sequencial),Selenium
2025-07-09T10:17:23.826610,/consultar,consulta_assincrona_ano,2007,2007,JANEIRO,DEZEMBRO,22.27118229866028,22.27118229866028,0.0,73,True,,35c1e827-82df-478f-b1e5-f087febd3378,Thread-225 (_executar_consulta_sequencial),Selenium
2025-07-09T10:17:46.446673,/consultar,consulta_assincrona_ano,2008,2008,JANEIRO,DEZEMBRO,22.616986989974976,22.616986989974976,0.0,82,True,,35c1e827-82df-478f-b1e5-f087febd3378,Thread-225 (_executar_consulta_sequencial),Selenium
2025-07-09T10:18:08.894269,/consultar,consulta_assincrona_ano,2009,2009,JANEIRO,DEZEMBRO,22.445836544036865,22.445836544036865,0.0,83,True,,35c1e827-82df-478f-b1e5-f087febd3378,Thread-225 (_executar_consulta_sequencial),Selenium
2025-07-09T10:18:30.431027,/consultar,consulta_assincrona_ano,2010,2010,JANEIRO,DEZEMBRO,21.536758184432983,21.536758184432983,0.0,78,True,,35c1e827-82df-478f-b1e5-f087febd3378,Thread-225 (_executar_consulta_sequencial),Selenium
2025-07-09T10:18:54.688369,/consultar,consulta_assincrona_ano,2011,2011,JANEIRO,DEZEMBRO,24.25734233856201,24.25734233856201,0.0,79,True,,35c1e827-82df-478f-b1e5-f087febd3378,Thread-225 (_executar_consulta_sequencial),Selenium
2025-07-09T10:19:16.453270,/consultar,consulta_assincrona_ano,2012,2012,JANEIRO,DEZEMBRO,21.76490044593811,21.76490044593811,0.0,92,True,,35c1e827-82df-478f-b1e5-f087febd3378,Thread-225 (_executar_consulta_sequencial),Selenium
2025-07-09T10:19:37.550263,/consultar,consulta_assincrona_ano,2013,2013,JANEIRO,DEZEMBRO,21.08840298652649,21.08840298652649,0.0,103,True,,35c1e827-82df-478f-b1e5-f087febd3378,Thread-225 (_executar_consulta_sequencial),Selenium
2025-07-09T10:19:59.481410,/consultar,consulta_assincrona_ano,2014,2014,JANEIRO,DEZEMBRO,21.92293357849121,21.92293357849121,0.0,99,True,,35c1e827-82df-478f-b1e5-f087febd3378,Thread-225 (_executar_consulta_sequencial),Selenium
2025-07-09T10:20:20.370694,/consultar,consulta_assincrona_ano,2015,2015,JANEIRO,DEZEMBRO,20.88419485092163,20.88419485092163,0.0,89,True,,35c1e827-82df-478f-b1e5-f087febd3378,Thread-225 (_executar_consulta_sequencial),Selenium
2025-07-09T10:20:41.033045,/consultar,consulta_assincrona_ano,2016,2016,JANEIRO,DEZEMBRO,20.65633773803711,20.65633773803711,0.0,70,True,,35c1e827-82df-478f-b1e5-f087febd3378,Thread-225 (_executar_consulta_sequencial),Selenium
2025-07-09T10:21:02.912557,/consultar,consulta_assincrona_ano,2017,2017,JANEIRO,DEZEMBRO,21.877956867218018,21.877956867218018,0.0,68,True,,35c1e827-82df-478f-b1e5-f087febd3378,Thread-225 (_executar_consulta_sequencial),Selenium
2025-07-09T10:21:23.687021,/consultar,consulta_assincrona_ano,2018,2018,JANEIRO,DEZEMBRO,20.768759965896606,20.768759965896606,0.0,67,True,,35c1e827-82df-478f-b1e5-f087febd3378,Thread-225 (_executar_consulta_sequencial),Selenium
2025-07-09T10:21:44.515619,/consultar,consulta_assincrona_ano,2019,2019,JANEIRO,DEZEMBRO,20.822792053222656,20.822792053222656,0.0,63,True,,35c1e827-82df-478f-b1e5-f087febd3378,Thread-225 (_executar_consulta_sequencial),Selenium
2025-07-09T10:22:05.701193,/consultar,consulta_assincrona_ano,2020,2020,JANEIRO,DEZEMBRO,21.18101930618286,21.18101930618286,0.0,10,True,,35c1e827-82df-478f-b1e5-f087febd3378,Thread-225 (_executar_consulta_sequencial),Selenium
2025-07-09T10:22:26.570105,/consultar,consulta_assincrona_ano,2021,2021,JANEIRO,DEZEMBRO,20.865670204162598,20.865670204162598,0.0,63,True,,35c1e827-82df-478f-b1e5-f087febd3378,Thread-225 (_executar_consulta_sequencial),Selenium
2025-07-09T10:22:47.184633,/consultar,consulta_assincrona_ano,2022,2022,JANEIRO,DEZEMBRO,20.610504150390625,20.610504150390625,0.0,53,True,,35c1e827-82df-478f-b1e5-f087febd3378,Thread-225 (_executar_consulta_sequencial),Selenium
2025-07-09T10:23:07.774899,/consultar,consulta_assincrona_ano,2023,2023,JANEIRO,DEZEMBRO,20.584686279296875,20.584686279296875,0.0,53,True,,35c1e827-82df-478f-b1e5-f087febd3378,Thread-225 (_executar_consulta_sequencial),Selenium
2025-07-09T10:23:07.779821,/consultar,consulta_assincrona_final,2003,2023,JANEIRO,DEZEMBRO,451.7710564136505,451.68106985092163,0.0,1546,True,,35c1e827-82df-478f-b1e5-f087febd3378,Thread-225 (_executar_consulta_sequencial),Selenium
2025-07-09T10:23:19.617381,/consultar,consulta_assincrona_inicio,2003,2023,JANEIRO,DEZEMBRO,0.002194643020629883,0.0,0.0,0,True,,b3f09d71-0f8f-4be7-8c3d-572ea13dc70b,MainThread,Selenium
2025-07-09T10:23:40.616663,/consultar,consulta_assincrona_ano,2003,2003,JANEIRO,DEZEMBRO,20.99390482902527,20.99390482902527,0.0,69,True,,b3f09d71-0f8f-4be7-8c3d-572ea13dc70b,Thread-268 (_executar_consulta_sequencial),Selenium
2025-07-09T10:24:01.850380,/consultar,consulta_assincrona_ano,2004,2004,JANEIRO,DEZEMBRO,21.227184534072876,21.227184534072876,0.0,84,True,,b3f09d71-0f8f-4be7-8c3d-572ea13dc70b,Thread-268 (_executar_consulta_sequencial),Selenium
2025-07-09T10:24:22.621709,/consultar,consulta_assincrona_ano,2005,2005,JANEIRO,DEZEMBRO,20.75897789001465,20.75897789001465,0.0,89,True,,b3f09d71-0f8f-4be7-8c3d-572ea13dc70b,Thread-268 (_executar_consulta_sequencial),Selenium
2025-07-09T10:24:44.260761,/consultar,consulta_assincrona_ano,2006,2006,JANEIRO,DEZEMBRO,21.634471893310547,21.634471893310547,0.0,79,True,,b3f09d71-0f8f-4be7-8c3d-572ea13dc70b,Thread-268 (_executar_consulta_sequencial),Selenium
2025-07-09T10:25:05.497016,/consultar,consulta_assincrona_ano,2007,2007,JANEIRO,DEZEMBRO,21.231260061264038,21.231260061264038,0.0,73,True,,b3f09d71-0f8f-4be7-8c3d-572ea13dc70b,Thread-268 (_executar_consulta_sequencial),Selenium
2025-07-09T10:25:27.102977,/consultar,consulta_assincrona_ano,2008,2008,JANEIRO,DEZEMBRO,21.602055549621582,21.602055549621582,0.0,82,True,,b3f09d71-0f8f-4be7-8c3d-572ea13dc70b,Thread-268 (_executar_consulta_sequencial),Selenium
2025-07-09T10:25:49.465645,/consultar,consulta_assincrona_ano,2009,2009,JANEIRO,DEZEMBRO,22.358221530914307,22.358221530914307,0.0,83,True,,b3f09d71-0f8f-4be7-8c3d-572ea13dc70b,Thread-268 (_executar_consulta_sequencial),Selenium
2025-07-09T10:26:11.118228,/consultar,consulta_assincrona_ano,2010,2010,JANEIRO,DEZEMBRO,21.646812915802002,21.646812915802002,0.0,78,True,,b3f09d71-0f8f-4be7-8c3d-572ea13dc70b,Thread-268 (_executar_consulta_sequencial),Selenium
2025-07-09T10:26:32.442692,/consultar,consulta_assincrona_ano,2011,2011,JANEIRO,DEZEMBRO,21.317607164382935,21.317607164382935,0.0,79,True,,b3f09d71-0f8f-4be7-8c3d-572ea13dc70b,Thread-268 (_executar_consulta_sequencial),Selenium
2025-07-09T10:26:53.845693,/consultar,consulta_assincrona_ano,2012,2012,JANEIRO,DEZEMBRO,21.396676301956177,21.396676301956177,0.0,92,True,,b3f09d71-0f8f-4be7-8c3d-572ea13dc70b,Thread-268 (_executar_consulta_sequencial),Selenium
2025-07-09T10:27:15.270695,/consultar,consulta_assincrona_ano,2013,2013,JANEIRO,DEZEMBRO,21.41962766647339,21.41962766647339,0.0,103,True,,b3f09d71-0f8f-4be7-8c3d-572ea13dc70b,Thread-268 (_executar_consulta_sequencial),Selenium
2025-07-09T10:27:37.137488,/consultar,consulta_assincrona_ano,2014,2014,JANEIRO,DEZEMBRO,21.862985849380493,21.862985849380493,0.0,99,True,,b3f09d71-0f8f-4be7-8c3d-572ea13dc70b,Thread-268 (_executar_consulta_sequencial),Selenium
2025-07-09T10:27:58.413325,/consultar,consulta_assincrona_ano,2015,2015,JANEIRO,DEZEMBRO,21.26878571510315,21.26878571510315,0.0,89,True,,b3f09d71-0f8f-4be7-8c3d-572ea13dc70b,Thread-268 (_executar_consulta_sequencial),Selenium
2025-07-09T10:28:19.760493,/consultar,consulta_assincrona_ano,2016,2016,JANEIRO,DEZEMBRO,21.3414204120636,21.3414204120636,0.0,70,True,,b3f09d71-0f8f-4be7-8c3d-572ea13dc70b,Thread-268 (_executar_consulta_sequencial),Selenium
2025-07-09T10:28:42.226782,/consultar,consulta_assincrona_ano,2017,2017,JANEIRO,DEZEMBRO,22.461715936660767,22.461715936660767,0.0,68,True,,b3f09d71-0f8f-4be7-8c3d-572ea13dc70b,Thread-268 (_executar_consulta_sequencial),Selenium
2025-07-09T10:29:03.356698,/consultar,consulta_assincrona_ano,2018,2018,JANEIRO,DEZEMBRO,21.12603783607483,21.12603783607483,0.0,67,True,,b3f09d71-0f8f-4be7-8c3d-572ea13dc70b,Thread-268 (_executar_consulta_sequencial),Selenium
2025-07-09T10:29:24.214698,/consultar,consulta_assincrona_ano,2019,2019,JANEIRO,DEZEMBRO,20.8511643409729,20.8511643409729,0.0,63,True,,b3f09d71-0f8f-4be7-8c3d-572ea13dc70b,Thread-268 (_executar_consulta_sequencial),Selenium
2025-07-09T10:29:45.027620,/consultar,consulta_assincrona_ano,2020,2020,JANEIRO,DEZEMBRO,20.8059663772583,20.8059663772583,0.0,57,True,,b3f09d71-0f8f-4be7-8c3d-572ea13dc70b,Thread-268 (_executar_consulta_sequencial),Selenium
2025-07-09T10:30:05.708790,/consultar,consulta_assincrona_ano,2021,2021,JANEIRO,DEZEMBRO,20.67531704902649,20.67531704902649,0.0,63,True,,b3f09d71-0f8f-4be7-8c3d-572ea13dc70b,Thread-268 (_executar_consulta_sequencial),Selenium
2025-07-09T10:30:26.402415,/consultar,consulta_assincrona_ano,2022,2022,JANEIRO,DEZEMBRO,20.689069271087646,20.689069271087646,0.0,53,True,,b3f09d71-0f8f-4be7-8c3d-572ea13dc70b,Thread-268 (_executar_consulta_sequencial),Selenium
2025-07-09T10:30:47.077282,/consultar,consulta_assincrona_ano,2023,2023,JANEIRO,DEZEMBRO,20.670227766036987,20.670227766036987,0.0,53,True,,b3f09d71-0f8f-4be7-8c3d-572ea13dc70b,Thread-268 (_executar_consulta_sequencial),Selenium
2025-07-09T10:30:47.081758,/consultar,consulta_assincrona_final,2003,2023,JANEIRO,DEZEMBRO,447.45899987220764,447.33949089050293,0.0,1593,True,,b3f09d71-0f8f-4be7-8c3d-572ea13dc70b,Thread-268 (_executar_consulta_sequencial),Selenium
